client_id,prenom,nom,email,pays
1,Daniel,Marchand,martelcorinne@example.org,France
2,Andrée,Martin,martineschmitt@example.net,France
3,Eugène,Allard,pagescharlotte@example.com,France
4,Marie,Lagarde,bmarty@example.com,France
5,Laurence,Bonnet,agneslombard@example.com,France
6,Martine,Camus,david84@example.com,France
7,Benoît,Klein,gregoire78@example.net,France
8,Colette,Meunier,frederique40@example.net,France
9,Émile,Lefebvre,nathalie76@example.net,France
10,Pierre,Cohen,alexandriagregoire@example.com,France
11,Tristan,Lucas,alexblot@example.org,France
12,Maggie,Chevallier,alfred40@example.net,France
13,Sébastien,Salmon,wlombard@example.com,France
14,Sophie,Grégoire,xaviervallet@example.net,France
15,Christine,Turpin,catherinevidal@example.com,France
16,Arnaude,Alexandre,pmeyer@example.com,France
17,Édith,Julien,victoire06@example.org,France
18,Maryse,Antoine,vgregoire@example.com,France
19,Inès,Lacombe,emilelenoir@example.com,France
20,Nath,Bailly,dbourgeois@example.com,France
21,Patrick,Garcia,nleveque@example.org,France
22,Joseph,Henry,antoineantoinette@example.net,France
23,Honoré,Pruvost,duboisalexandre@example.net,France
24,Arthur,Martineau,guerinalice@example.net,France
25,Auguste,Sauvage,jules06@example.org,France
26,Martin,Delattre,celinepascal@example.net,France
27,David,Cohen,piresnoemi@example.com,France
28,Anouk,Morel,verdierclemence@example.net,France
29,Auguste,Ferrand,peronmichelle@example.com,France
30,Jeanne,Grondin,nathalie71@example.net,France
31,Nicolas,Ledoux,ledouxpatricia@example.org,France
32,Timothée,Launay,lucaslefebvre@example.org,France
33,Julien,Jacquot,marine96@example.com,France
34,Jérôme,Masse,boulangerhortense@example.net,France
35,Éléonore,Julien,duvalvalentine@example.net,France
36,Inès,Gomez,deschampseric@example.org,France
37,Nicole,Lévêque,ugillet@example.net,France
38,Danielle,Gérard,rioucamille@example.net,France
39,Laurent,Ruiz,tpetit@example.net,France
40,Bernadette,Gay,girarddominique@example.net,France
41,Émile,Ledoux,jguillet@example.net,France
42,Yves,Durand,rousseaumaggie@example.net,France
43,Pauline,Renaud,vboulay@example.com,France
44,Agnès,Pasquier,bernardmuller@example.com,France
45,Gabriel,Blondel,genevievebailly@example.net,France
46,Martine,Wagner,lgarnier@example.net,France
47,Théophile,Dos Santos,jroger@example.com,France
48,Roland,Millet,colasroland@example.org,France
49,Yves,Rousset,odette52@example.org,France
50,Patrick,Chauvet,henri13@example.net,France
51,Monique,Parent,sylvie67@example.com,France
52,Martin,Breton,baronmaryse@example.net,France
53,Philippine,Roy,laurent38@example.org,France
54,Margaud,Weber,bertrand16@example.com,France
55,Célina,Noël,oceanebouchet@example.org,France
56,Marcelle,Breton,theodorefernandes@example.com,France
57,Aurélie,Salmon,marthechretien@example.com,France
58,Lucy,Schmitt,amelieantoine@example.org,France
59,Thibaut,Jacques,voisinthierry@example.com,France
60,Dominique,Antoine,reynaudtimothee@example.org,France
61,Emmanuel,Barre,tdufour@example.org,France
62,Marthe,Aubert,blinroger@example.net,France
63,Édouard,Lévy,stephanemallet@example.com,France
64,Céline,Tessier,helene02@example.org,France
65,Vincent,Germain,josephvallet@example.net,France
66,Julien,Bruneau,colette04@example.com,France
67,Sébastien,Camus,thibaut95@example.net,France
68,Denis,Hardy,cblin@example.net,France
69,Jacques,Gaillard,raymond49@example.net,France
70,Philippine,Denis,meyerguillaume@example.org,France
71,Océane,Pinto,paulettedurand@example.com,France
72,Adèle,Carlier,madeleineboucher@example.com,France
73,Patricia,Maurice,yseguin@example.org,France
74,Chantal,Diaz,marguerite07@example.net,France
75,Diane,Fontaine,victoire26@example.org,France
76,Michelle,Lebreton,ulenoir@example.org,France
77,Nicolas,Duhamel,kbruneau@example.org,France
78,Julie,Le Goff,andreecouturier@example.com,France
79,Noémi,Gérard,eugene22@example.net,France
80,Lucas,Delaunay,lbesnard@example.com,France
81,Nicolas,Fernandes,annevallet@example.com,France
82,Simone,Hamon,wblot@example.org,France
83,Arnaude,Delahaye,valentine98@example.net,France
84,Hélène,Bègue,agnes85@example.net,France
85,Éléonore,Leduc,theophilemichaud@example.net,France
86,Rémy,Royer,clementalexandre@example.net,France
87,Thierry,Carlier,lucas77@example.com,France
88,Roland,Lejeune,colinremy@example.net,France
89,Alice,Vaillant,stephanelaporte@example.com,France
90,Nicolas,Rolland,gabrielle68@example.org,France
91,Daniel,Lejeune,victorbonnin@example.com,France
92,Édith,Mendès,veroniquehenry@example.org,France
93,Nath,Moreau,barthelemyrene@example.net,France
94,Léon,Payet,henriettemaillot@example.com,France
95,Frédéric,Maillot,gabriel19@example.com,France
96,Émile,Ruiz,hortensehenry@example.net,France
97,Frédérique,Jacques,courtoisjean@example.net,France
98,Dorothée,Sauvage,acharrier@example.net,France
99,Théodore,Langlois,jacquesmarchand@example.net,France
100,Laetitia,Jacob,nbonneau@example.net,France
